Processes,Adjacent,HalfShift,Mirrored
2,0.000155,0.000152,0.000091
4,0.000663,0.000184,0.000096
8,0.000390,0.000249,0.000134
